{
	"partitions" : [
		{
			"name" : "Top",
			"pins" : [
				{
					"name" : "RS232_TxData",
					"strict" : false
				},
				{
					"name" : "DataBusOut[15]",
					"strict" : false
				},
				{
					"name" : "DataBusOut[14]",
					"strict" : false
				},
				{
					"name" : "DataBusOut[13]",
					"strict" : false
				},
				{
					"name" : "DataBusOut[12]",
					"strict" : false
				},
				{
					"name" : "DataBusOut[11]",
					"strict" : false
				},
				{
					"name" : "DataBusOut[10]",
					"strict" : false
				},
				{
					"name" : "DataBusOut[9]",
					"strict" : false
				},
				{
					"name" : "DataBusOut[8]",
					"strict" : false
				},
				{
					"name" : "DataBusOut[7]",
					"strict" : false
				},
				{
					"name" : "DataBusOut[6]",
					"strict" : false
				},
				{
					"name" : "DataBusOut[5]",
					"strict" : false
				},
				{
					"name" : "DataBusOut[4]",
					"strict" : false
				},
				{
					"name" : "DataBusOut[3]",
					"strict" : false
				},
				{
					"name" : "DataBusOut[2]",
					"strict" : false
				},
				{
					"name" : "DataBusOut[1]",
					"strict" : false
				},
				{
					"name" : "DataBusOut[0]",
					"strict" : false
				},
				{
					"name" : "DataBusIn[15]",
					"strict" : false
				},
				{
					"name" : "DataBusIn[14]",
					"strict" : false
				},
				{
					"name" : "DataBusIn[13]",
					"strict" : false
				},
				{
					"name" : "DataBusIn[12]",
					"strict" : false
				},
				{
					"name" : "DataBusIn[11]",
					"strict" : false
				},
				{
					"name" : "DataBusIn[10]",
					"strict" : false
				},
				{
					"name" : "DataBusIn[9]",
					"strict" : false
				},
				{
					"name" : "DataBusIn[8]",
					"strict" : false
				},
				{
					"name" : "DataBusIn[7]",
					"strict" : false
				},
				{
					"name" : "DataBusIn[6]",
					"strict" : false
				},
				{
					"name" : "DataBusIn[5]",
					"strict" : false
				},
				{
					"name" : "DataBusIn[4]",
					"strict" : false
				},
				{
					"name" : "DataBusIn[3]",
					"strict" : false
				},
				{
					"name" : "DataBusIn[2]",
					"strict" : false
				},
				{
					"name" : "DataBusIn[1]",
					"strict" : false
				},
				{
					"name" : "DataBusIn[0]",
					"strict" : false
				},
				{
					"name" : "VGA_HS",
					"strict" : false
				},
				{
					"name" : "VGA_VS",
					"strict" : false
				},
				{
					"name" : "VGA_BLANK_N",
					"strict" : false
				},
				{
					"name" : "DRAM_CKE",
					"strict" : false
				},
				{
					"name" : "DRAM_CAS_N",
					"strict" : false
				},
				{
					"name" : "DRAM_RAS_N",
					"strict" : false
				},
				{
					"name" : "DRAM_UDQM",
					"strict" : false
				},
				{
					"name" : "DRAM_LDQM",
					"strict" : false
				},
				{
					"name" : "Dtack_L",
					"strict" : false
				},
				{
					"name" : "RomSelect_H",
					"strict" : false
				},
				{
					"name" : "RamSelect_H",
					"strict" : false
				},
				{
					"name" : "DramRamSelect_H",
					"strict" : false
				},
				{
					"name" : "IOSelect_H",
					"strict" : false
				},
				{
					"name" : "BG_L",
					"strict" : false
				},
				{
					"name" : "ResetOut",
					"strict" : false
				},
				{
					"name" : "DramDtack_L",
					"strict" : false
				},
				{
					"name" : "AS_L",
					"strict" : false
				},
				{
					"name" : "UDS_L",
					"strict" : false
				},
				{
					"name" : "LDS_L",
					"strict" : false
				},
				{
					"name" : "RW",
					"strict" : false
				},
				{
					"name" : "LCD_RS",
					"strict" : false
				},
				{
					"name" : "LCD_E",
					"strict" : false
				},
				{
					"name" : "LCD_RW",
					"strict" : false
				},
				{
					"name" : "AddressBus[31]",
					"strict" : false
				},
				{
					"name" : "AddressBus[30]",
					"strict" : false
				},
				{
					"name" : "AddressBus[29]",
					"strict" : false
				},
				{
					"name" : "AddressBus[28]",
					"strict" : false
				},
				{
					"name" : "AddressBus[27]",
					"strict" : false
				},
				{
					"name" : "AddressBus[26]",
					"strict" : false
				},
				{
					"name" : "AddressBus[25]",
					"strict" : false
				},
				{
					"name" : "AddressBus[24]",
					"strict" : false
				},
				{
					"name" : "AddressBus[23]",
					"strict" : false
				},
				{
					"name" : "AddressBus[22]",
					"strict" : false
				},
				{
					"name" : "AddressBus[21]",
					"strict" : false
				},
				{
					"name" : "AddressBus[20]",
					"strict" : false
				},
				{
					"name" : "AddressBus[19]",
					"strict" : false
				},
				{
					"name" : "AddressBus[18]",
					"strict" : false
				},
				{
					"name" : "AddressBus[17]",
					"strict" : false
				},
				{
					"name" : "AddressBus[16]",
					"strict" : false
				},
				{
					"name" : "AddressBus[15]",
					"strict" : false
				},
				{
					"name" : "AddressBus[14]",
					"strict" : false
				},
				{
					"name" : "AddressBus[13]",
					"strict" : false
				},
				{
					"name" : "AddressBus[12]",
					"strict" : false
				},
				{
					"name" : "AddressBus[11]",
					"strict" : false
				},
				{
					"name" : "AddressBus[10]",
					"strict" : false
				},
				{
					"name" : "AddressBus[9]",
					"strict" : false
				},
				{
					"name" : "AddressBus[8]",
					"strict" : false
				},
				{
					"name" : "AddressBus[7]",
					"strict" : false
				},
				{
					"name" : "AddressBus[6]",
					"strict" : false
				},
				{
					"name" : "AddressBus[5]",
					"strict" : false
				},
				{
					"name" : "AddressBus[4]",
					"strict" : false
				},
				{
					"name" : "AddressBus[3]",
					"strict" : false
				},
				{
					"name" : "AddressBus[2]",
					"strict" : false
				},
				{
					"name" : "AddressBus[1]",
					"strict" : false
				},
				{
					"name" : "AddressBus[0]",
					"strict" : false
				},
				{
					"name" : "DRAM_ADDR[12]",
					"strict" : false
				},
				{
					"name" : "DRAM_ADDR[11]",
					"strict" : false
				},
				{
					"name" : "DRAM_ADDR[10]",
					"strict" : false
				},
				{
					"name" : "DRAM_ADDR[9]",
					"strict" : false
				},
				{
					"name" : "DRAM_ADDR[8]",
					"strict" : false
				},
				{
					"name" : "DRAM_ADDR[7]",
					"strict" : false
				},
				{
					"name" : "DRAM_ADDR[6]",
					"strict" : false
				},
				{
					"name" : "DRAM_ADDR[5]",
					"strict" : false
				},
				{
					"name" : "DRAM_ADDR[4]",
					"strict" : false
				},
				{
					"name" : "DRAM_ADDR[3]",
					"strict" : false
				},
				{
					"name" : "DRAM_ADDR[2]",
					"strict" : false
				},
				{
					"name" : "DRAM_ADDR[1]",
					"strict" : false
				},
				{
					"name" : "DRAM_ADDR[0]",
					"strict" : false
				},
				{
					"name" : "DRAM_BA[1]",
					"strict" : false
				},
				{
					"name" : "DRAM_BA[0]",
					"strict" : false
				},
				{
					"name" : "HEX0[6]",
					"strict" : false
				},
				{
					"name" : "HEX0[5]",
					"strict" : false
				},
				{
					"name" : "HEX0[4]",
					"strict" : false
				},
				{
					"name" : "HEX0[3]",
					"strict" : false
				},
				{
					"name" : "HEX0[2]",
					"strict" : false
				},
				{
					"name" : "HEX0[1]",
					"strict" : false
				},
				{
					"name" : "HEX0[0]",
					"strict" : false
				},
				{
					"name" : "HEX1[6]",
					"strict" : false
				},
				{
					"name" : "HEX1[5]",
					"strict" : false
				},
				{
					"name" : "HEX1[4]",
					"strict" : false
				},
				{
					"name" : "HEX1[3]",
					"strict" : false
				},
				{
					"name" : "HEX1[2]",
					"strict" : false
				},
				{
					"name" : "HEX1[1]",
					"strict" : false
				},
				{
					"name" : "HEX1[0]",
					"strict" : false
				},
				{
					"name" : "HEX2[6]",
					"strict" : false
				},
				{
					"name" : "HEX2[5]",
					"strict" : false
				},
				{
					"name" : "HEX2[4]",
					"strict" : false
				},
				{
					"name" : "HEX2[3]",
					"strict" : false
				},
				{
					"name" : "HEX2[2]",
					"strict" : false
				},
				{
					"name" : "HEX2[1]",
					"strict" : false
				},
				{
					"name" : "HEX2[0]",
					"strict" : false
				},
				{
					"name" : "HEX3[6]",
					"strict" : false
				},
				{
					"name" : "HEX3[5]",
					"strict" : false
				},
				{
					"name" : "HEX3[4]",
					"strict" : false
				},
				{
					"name" : "HEX3[3]",
					"strict" : false
				},
				{
					"name" : "HEX3[2]",
					"strict" : false
				},
				{
					"name" : "HEX3[1]",
					"strict" : false
				},
				{
					"name" : "HEX3[0]",
					"strict" : false
				},
				{
					"name" : "HEX4[6]",
					"strict" : false
				},
				{
					"name" : "HEX4[5]",
					"strict" : false
				},
				{
					"name" : "HEX4[4]",
					"strict" : false
				},
				{
					"name" : "HEX4[3]",
					"strict" : false
				},
				{
					"name" : "HEX4[2]",
					"strict" : false
				},
				{
					"name" : "HEX4[1]",
					"strict" : false
				},
				{
					"name" : "HEX4[0]",
					"strict" : false
				},
				{
					"name" : "HEX5[6]",
					"strict" : false
				},
				{
					"name" : "HEX5[5]",
					"strict" : false
				},
				{
					"name" : "HEX5[4]",
					"strict" : false
				},
				{
					"name" : "HEX5[3]",
					"strict" : false
				},
				{
					"name" : "HEX5[2]",
					"strict" : false
				},
				{
					"name" : "HEX5[1]",
					"strict" : false
				},
				{
					"name" : "HEX5[0]",
					"strict" : false
				},
				{
					"name" : "LCD_Data[7]",
					"strict" : false
				},
				{
					"name" : "LCD_Data[6]",
					"strict" : false
				},
				{
					"name" : "LCD_Data[5]",
					"strict" : false
				},
				{
					"name" : "LCD_Data[4]",
					"strict" : false
				},
				{
					"name" : "LCD_Data[3]",
					"strict" : false
				},
				{
					"name" : "LCD_Data[2]",
					"strict" : false
				},
				{
					"name" : "LCD_Data[1]",
					"strict" : false
				},
				{
					"name" : "LCD_Data[0]",
					"strict" : false
				},
				{
					"name" : "LEDR[9]",
					"strict" : false
				},
				{
					"name" : "LEDR[8]",
					"strict" : false
				},
				{
					"name" : "LEDR[7]",
					"strict" : false
				},
				{
					"name" : "LEDR[6]",
					"strict" : false
				},
				{
					"name" : "LEDR[5]",
					"strict" : false
				},
				{
					"name" : "LEDR[4]",
					"strict" : false
				},
				{
					"name" : "LEDR[3]",
					"strict" : false
				},
				{
					"name" : "LEDR[2]",
					"strict" : false
				},
				{
					"name" : "LEDR[1]",
					"strict" : false
				},
				{
					"name" : "LEDR[0]",
					"strict" : false
				},
				{
					"name" : "VGA_B[7]",
					"strict" : false
				},
				{
					"name" : "VGA_B[6]",
					"strict" : false
				},
				{
					"name" : "VGA_B[5]",
					"strict" : false
				},
				{
					"name" : "VGA_B[4]",
					"strict" : false
				},
				{
					"name" : "VGA_B[3]",
					"strict" : false
				},
				{
					"name" : "VGA_B[2]",
					"strict" : false
				},
				{
					"name" : "VGA_B[1]",
					"strict" : false
				},
				{
					"name" : "VGA_B[0]",
					"strict" : false
				},
				{
					"name" : "VGA_G[7]",
					"strict" : false
				},
				{
					"name" : "VGA_G[6]",
					"strict" : false
				},
				{
					"name" : "VGA_G[5]",
					"strict" : false
				},
				{
					"name" : "VGA_G[4]",
					"strict" : false
				},
				{
					"name" : "VGA_G[3]",
					"strict" : false
				},
				{
					"name" : "VGA_G[2]",
					"strict" : false
				},
				{
					"name" : "VGA_G[1]",
					"strict" : false
				},
				{
					"name" : "VGA_G[0]",
					"strict" : false
				},
				{
					"name" : "VGA_R[7]",
					"strict" : false
				},
				{
					"name" : "VGA_R[6]",
					"strict" : false
				},
				{
					"name" : "VGA_R[5]",
					"strict" : false
				},
				{
					"name" : "VGA_R[4]",
					"strict" : false
				},
				{
					"name" : "VGA_R[3]",
					"strict" : false
				},
				{
					"name" : "VGA_R[2]",
					"strict" : false
				},
				{
					"name" : "VGA_R[1]",
					"strict" : false
				},
				{
					"name" : "VGA_R[0]",
					"strict" : false
				},
				{
					"name" : "DRAM_DQ[15]",
					"strict" : false
				},
				{
					"name" : "DRAM_DQ[14]",
					"strict" : false
				},
				{
					"name" : "DRAM_DQ[13]",
					"strict" : false
				},
				{
					"name" : "DRAM_DQ[12]",
					"strict" : false
				},
				{
					"name" : "DRAM_DQ[11]",
					"strict" : false
				},
				{
					"name" : "DRAM_DQ[10]",
					"strict" : false
				},
				{
					"name" : "DRAM_DQ[9]",
					"strict" : false
				},
				{
					"name" : "DRAM_DQ[8]",
					"strict" : false
				},
				{
					"name" : "DRAM_DQ[7]",
					"strict" : false
				},
				{
					"name" : "DRAM_DQ[6]",
					"strict" : false
				},
				{
					"name" : "DRAM_DQ[5]",
					"strict" : false
				},
				{
					"name" : "DRAM_DQ[4]",
					"strict" : false
				},
				{
					"name" : "DRAM_DQ[3]",
					"strict" : false
				},
				{
					"name" : "DRAM_DQ[2]",
					"strict" : false
				},
				{
					"name" : "DRAM_DQ[1]",
					"strict" : false
				},
				{
					"name" : "DRAM_DQ[0]",
					"strict" : false
				},
				{
					"name" : "SW[7]",
					"strict" : false
				},
				{
					"name" : "SW[6]",
					"strict" : false
				},
				{
					"name" : "SW[5]",
					"strict" : false
				},
				{
					"name" : "SW[4]",
					"strict" : false
				},
				{
					"name" : "SW[3]",
					"strict" : false
				},
				{
					"name" : "SW[2]",
					"strict" : false
				},
				{
					"name" : "SW[1]",
					"strict" : false
				},
				{
					"name" : "SW[9]",
					"strict" : false
				},
				{
					"name" : "SW[0]",
					"strict" : false
				},
				{
					"name" : "Reset_L",
					"strict" : false
				},
				{
					"name" : "SW[8]",
					"strict" : false
				},
				{
					"name" : "IRQ2_L",
					"strict" : false
				},
				{
					"name" : "IRQ4_L",
					"strict" : false
				},
				{
					"name" : "TraceRequest_L",
					"strict" : false
				},
				{
					"name" : "RS232_RxData",
					"strict" : false
				}
			]
		}
	]
}